text,created_at,source
htx 0.0.49. htx crypto exchange api client,2025-05-19 05:48:48+00:00,Pypi.org
bitmex-api 0.0.45. bitmex crypto exchange api client,2025-05-19 05:48:07+00:00,Pypi.org
kucoin-api 0.0.49. kucoin crypto exchange api client,2025-05-19 05:47:59+00:00,Pypi.org
kucoin-futures-api 0.0.46. kucoinfutures crypto exchange api client,2025-05-19 05:47:59+00:00,Pypi.org
crypto-com-sdk 0.0.45. cryptocom crypto exchange api client,2025-05-19 05:47:54+00:00,Pypi.org
bybit-api 0.0.46. bybit crypto exchange api client,2025-05-19 05:47:54+00:00,Pypi.org
coinex-api 0.0.45. coinex crypto exchange api client,2025-05-19 05:47:53+00:00,Pypi.org
binance 0.3.26. binance crypto exchange api client,2025-05-19 05:47:52+00:00,Pypi.org
okx-exchange 0.0.46. okx crypto exchange api client,2025-05-19 05:47:52+00:00,Pypi.org
bitget 0.0.45. bitget crypto exchange api client,2025-05-19 05:47:52+00:00,Pypi.org
woo-api 0.0.43. woo crypto exchange api client,2025-05-19 05:47:51+00:00,Pypi.org
woofipro-api 0.0.45. woofipro crypto exchange api client,2025-05-19 05:47:50+00:00,Pypi.org
mexc-exchange-api 0.0.46. mexc crypto exchange api client,2025-05-19 05:47:50+00:00,Pypi.org
bitmart 0.0.46. bitmart crypto exchange api client,2025-05-19 05:47:50+00:00,Pypi.org
bingx 0.0.45. bingx crypto exchange api client,2025-05-19 05:47:48+00:00,Pypi.org
gate-io-api 0.0.45. gate crypto exchange api client,2025-05-19 05:47:47+00:00,Pypi.org
"Easily Using SSH with FIDO2/U2F Hardware Security Keys. A lot of new hardware security keys (Yubikey, Nitrokey, Titan, etc.) now support FIDO2 (aka U2F aka Webauthn aka Passkey; yes it’s a mess).
So does OpenSSH.
This spells good news for us, because it is far easier to use than previous hardware security types (e…",2025-05-19 05:47:01+00:00,Complete.org
"Partner at $56,300,000,000 Venture Capital Firm Has Phone Number, Address and Other Details Stolen in Coinbase Hack: Report. The thieves responsible for the recent security breach of US-based crypto exchange Coinbase have reportedly obtained the personal information of a managing partner at Sequoia Capital, the $56.3 billion venture capital giant.
In a report submitted to the U.S. …",2025-05-19 05:31:26+00:00,Biztoc.com
"Benchmark Forecasts Strong Price Appreciation for Coinbase Global (NASDAQ:COIN) Stock. Coinbase Global (NASDAQ:COIN) had its price target boosted by Benchmark from $252.00 to $301.00 in a research report sent to investors on Friday morning,Benzinga reports. The firm currently has a buy rating on the cryptocurrency exchange’s stock. Other equiti…",2025-05-19 05:30:50+00:00,ETF Daily News
"Bitcoin blasts past $106K: is Trump’s remittance tax bill crypto’s new rocket fuel?. Bitcoin price surged to $106,000 on Sunday, May 18, achieving its highest weekly close ever. The rally saw Bitcoin’s market cap reach $2.11 trillion, liquidating over $44M in short positions. Trump’s proposed 5% remittance tax on non-US citizens is seen as a …",2025-05-19 05:30:37+00:00,Coinjournal.net
【AWS IoT Core】 JITR（Just-In-Time Registration）でデバイス証明書のホワイトリスティングを実装してみた. 【AWS IoT Core】 JITR（Just-In-Time Registration）でデバイス証明書のホワイトリスティングを実装してみた,2025-05-19 05:26:31+00:00,Classmethod.jp
Dogecoin (DOGE) Struggles to Sustain Gain as Meme Coin Mania Cools Off. Dogecoin started a fresh increase and climbed above the $0.2320 zone against the US Dollar. DOGE is now correcting gains and approaching $0.2180. DOGE price started a fresh increase above the $0.220 and $0.230 levels. The price is trading just below the $0.22…,2025-05-19 05:08:39+00:00,newsBTC
"Coinbase faces lawsuit over alleged breaches of Illinois biometric privacy law. A group of Coinbase users from Illinois have filed a class-action lawsuit against the crypto exchange, alleging that its identity checks violate the state’s Biometric Information Privacy Act (BIPA).Plaintiffs Scott Bernstein, Gina Greeder and James Lonergan c…",2025-05-19 05:06:21+00:00,Cointelegraph
"Elon Musk's New 'Emperor Kekius Maximus' Avatar Sends Pepe And This Namesake Coin Rallying. Pepe and cryptocurrencies tied to ""Kekius Maximus"" rallied Sunday night after tech mogul Elon Musk changed his X avatar to one centered on the fictional character.
What happened: Solana (CRYPTO: SOL)-based Kekius Maximus soared 7% in the last 24 hours to a ma…",2025-05-19 04:57:39+00:00,Biztoc.com
"Michael Saylor Has A Tip For Average People Looking To Grow Their Wealth By 100x, But He Doesn't Want You To Quit Your Job To Invest In Bitcoin. As Bitcoin (CRYPTO: BTC) pursues fresh all-time highs, Strategy Inc. (NASDAQ:MSTR) Chairman Michael Saylor’s wealth multiplication strategies for average wage earners, revolving around the apex cryptocurrency, are back in the spotlight.
What Happened: In a re…",2025-05-19 04:35:38+00:00,Biztoc.com
"Tom Lee Says 'Bitcoin Is the Way' After Strike CEO Predicts It's About To 'Go Nuclear'. Tom Lee, co-founder and research head at Fundstrat Global Advisors, endorsed Bitcoin (CRYPTO: BTC) on Sunday, writing “bitcoin is the way” in response to Strike CEO Jack Mallers‘ prediction that the cryptocurrency is poised to “go nuclear.”
What Happened: Mal…",2025-05-19 04:24:24+00:00,Biztoc.com
"Crypto Experts: ""Beacon Of Crypto Dexdert Net Pro Recovery"". Crypto Experts: ""Beacon Of Crypto Dexdert Net Pro Recovery"" - posted in Windows 10 Support: Two months ago, I became the victim of a highly convincing online scam that cost me $180,000 worth of Bitcoin. It started with what looked like a legitimate crypto inv…",2025-05-19 04:21:30+00:00,BleepingComputer
XRP Price Struggles to Hold Ground — Breakdown or Breather?. XRP price started a downside correction below the $2.480 zone. The price is now consolidating and might extend losses below the $2.320 support zone. XRP price started a fresh decline below the $2.520 zone. The price is now trading below $2.480 and the 100-hou…,2025-05-19 04:08:45+00:00,newsBTC
"$TRUMP dinner blurs lines between profit and politics. Launched hours before his January inauguration, the $TRUMP memecoin is only one example of the Trump family's ever-expanding moves into cryptocurrency.",2025-05-19 04:05:00+00:00,The Japan Times
"America’s Political Ethics Problem. The last time the nation faced a crisis of this magnitude, lawmakers and the president met the challenge.",2025-05-19 04:01:43+00:00,Foreign Policy
"The Trade Truce Won’t Save the Dollar. On Thursday’s episode of The Peter Schiff Show, Peter unpacks the recent stock market rally that followed news of a temporary truce in the US-China trade war. He warns that investors are misreading the situation by ignoring deeper threats to the economy, such…",2025-05-19 04:01:00+00:00,Lewrockwell.com
"'Truly Despicable': Donald Trump Jr. Ripped Over 'Disgusting' Post About Biden's Cancer. Critics slammed the president's son as ""vile"" for sharing a conspiracy theory about the former president's health.",2025-05-19 03:56:36+00:00,HuffPost
"$TRUMP dinner blurs lines between profit and politics. WASHINGTON: More than 200 guests on Thursday (May 22) will make their way to a ritzy country club just up the Potomac River from Washington, ready for a sumptuous dinner hosted by the president of the United States. The lucky few are not top officials or visi…",2025-05-19 03:55:00+00:00,CNA
"Breaking Down Trump's Entanglements With Crypto (Amrith Ramkumar/Wall Street Journal). Amrith Ramkumar / Wall Street Journal:
Breaking Down Trump's Entanglements With Crypto  —  Sector has been one of the biggest winners in the president's second term  —  President Trump and his family's embrace of cryptocurrencies have made the sector one of t…",2025-05-19 03:55:00+00:00,Memeorandum.com
"Crypto memecoin $TRUMP dinner blurs lines between profit and politics. Launched hours before his January inauguration, the $TRUMP memecoin is only one example of the Trump family's ever-expanding moves into cryptocurrency. Much of the crypto industry frowns upon these coins or tokens, fearing they tarnish the sector's credibilit…",2025-05-19 03:43:51+00:00,The Times of India
"$22,000,000,000,000 Market Cap in Store for Bitcoin (BTC) and Crypto, According to Billionaire Mike Novogratz. Galaxy Digital chief executive Mike Novogratz believes the market cap of Bitcoin (BTC) and crypto will eventually catch up to the valuation of one soaring asset.
In a new CNBC interview, the billionaire says that crypto’s correction earlier this year is large…",2025-05-19 03:39:50+00:00,Biztoc.com
Australian Man Forfeits $2.5M in Bitcoin Without Charges After AFP Crypto Probe. The Australian man's assets were seized under proceeds of crime laws following an AFP probe into a major crypto hack from 2013.,2025-05-19 03:23:20+00:00,Decrypt
"Bitcoin notches record weekly close after highest-ever daily close candle. Bitcoin has notched its highest-ever weekly close as crypto market momentum continues and the cryptocurrency is again nearing its all-time high.Bitcoin (BTC) has closed at a weekly gain for the past six weeks in a row, and its most recent close at midnight UT…",2025-05-19 03:19:23+00:00,Cointelegraph
"Bitcoin sets new record weekly close after breaking above $106K. Bitcoin's record close signals robust institutional interest and potential for further price surges, driven by limited supply and strong demand.
The post Bitcoin sets new record weekly close after breaking above $106K appeared first on Crypto Briefing.",2025-05-19 03:18:22+00:00,Crypto Briefing
"Flappy Bird Returns to Android Without Crypto Elements Via Epic Games Store. Flappy Bird, the once very popular phone game, has made a comeback and can now only be found on Android phones through the Epic Games Store. Unlike its",2025-05-19 03:07:00+00:00,Android Headlines
"Shiba Inu's Burn Rate Fires 588%, Key Indicators Flash 'Buy' — What Up?. Nearly 23 million Shiba Inu (CRYPTO: SHIB) were kicked out of circulation Sunday, applying further deflationary pressure on the popular dog-themed meme coin.
What happened: The burn rate exploded 588.22% in the last 24 hours, resulting in a supply squeeze of …",2025-05-19 03:06:39+00:00,Biztoc.com
"$TRUMP Dinner Blurs Lines Between Profit And Politics. More than two hundred guests on Thursday will make their way to a ritzy country club just up the Potomac River from Washington, ready for a sumptuous dinner hosted by the president of the United States.",2025-05-19 03:03:17+00:00,International Business Times
"$TRUMP dinner blurs lines between profit and politics. More than two hundred guests on Thursday will make their way to a ritzy country club just up the Potomac River from Washington, ready for a sumptuous dinner hosted by the president of the United States.  The lucky few are not top officials or visiting heads o…",2025-05-19 02:57:32+00:00,Digital Journal
"Crypto execs beef up security following string of kidnappings: Report. Crypto industry executives are beefing up personal security and demanding more bodyguard services in response to a recent string of kidnapping and ransom attempts worldwide — particularly in France — targeting investors and professionals in the sector.
Accord…",2025-05-19 02:44:46+00:00,Biztoc.com
"Australian feds seize mansion, Bitcoin allegedly linked to crypto exchange hack. An Australian man from the state of Queensland has forfeited Bitcoin, a waterfront mansion and a Mercedes-Benz car after Australian Federal Police claimed the assets could be linked to the proceeds of crime.The AFP-led Criminal Assets Confiscation Taskforce (…",2025-05-19 02:42:02+00:00,Cointelegraph
"Selon le dernier rapport mensuel, Bitget gagne des parts de marché en avril 2025. VICTORIA, Seychelles, 19 mai 2025 (GLOBE NEWSWIRE) -- Bitget, la principale Bourse de crypto-monnaies et société Web3, a publié son rapport de transparence d’avril 2025. Ce dernier met en évidence un mois de croissance, des étapes clés réglementaires, et un d…",2025-05-19 02:25:00+00:00,GlobeNewswire
"Bitcoin surpasses $2.1 trillion market cap. Bitcoin achieves a new milestone, exceeding $2.1 trillion in market value. This surge indicates strong bullish momentum in the crypto market. Bitcoin is trading around $105,000, with high trading volumes. Institutional interest grows amidst inflation concerns…",2025-05-19 02:15:57+00:00,The Times of India
"Bitcoin Breaks $107,000, Ethereum Dips, Dogecoin Rallies As 'Greed' Sentiment Takes Over: Analyst Predicts BTC 'Primed' For A New All-Time High. Leading cryptocurrencies rallied sharply on Sunday as investors awaited new all-time highs for Bitcoin.
Cryptocurrency
Gains +/-
Price (Recorded at 8:30 p.m. ET)
Bitcoin (CRYPTO: BTC)
+2.53%
$105,868.99
Ethereum (CRYPTO: ETH) 
-1.57%
$2,438.87
Dogecoin (CRYPT…",2025-05-19 02:11:24+00:00,Biztoc.com
"Criptomonede, răpiri și degete tăiate. Crima organizată a pus ochii pe cei cu avere „digitală”. Valul de agresiuni brutale îndreptate împotriva investitorilor în criptomonede arată cât de ușor trece luxul digital în violență fizică.",2025-05-19 02:09:25+00:00,Adevarul.ro
okx-exchange 0.0.45. okx crypto exchange api client,2025-05-19 01:51:50+00:00,Pypi.org
woo-api 0.0.42. woo crypto exchange api client,2025-05-19 01:51:44+00:00,Pypi.org
mexc-exchange-api 0.0.45. mexc crypto exchange api client,2025-05-19 01:51:43+00:00,Pypi.org
kucoin-api 0.0.48. kucoin crypto exchange api client,2025-05-19 01:51:43+00:00,Pypi.org
coinex-api 0.0.44. coinex crypto exchange api client,2025-05-19 01:51:42+00:00,Pypi.org
bybit-api 0.0.45. bybit crypto exchange api client,2025-05-19 01:51:42+00:00,Pypi.org
htx 0.0.48. htx crypto exchange api client,2025-05-19 01:51:42+00:00,Pypi.org
crypto-com-sdk 0.0.44. cryptocom crypto exchange api client,2025-05-19 01:51:41+00:00,Pypi.org
binance 0.3.25. binance crypto exchange api client,2025-05-19 01:51:41+00:00,Pypi.org
kucoin-futures-api 0.0.45. kucoinfutures crypto exchange api client,2025-05-19 01:51:40+00:00,Pypi.org
gate-io-api 0.0.44. gate crypto exchange api client,2025-05-19 01:51:40+00:00,Pypi.org
bitmex-api 0.0.44. bitmex crypto exchange api client,2025-05-19 01:51:40+00:00,Pypi.org
woofipro-api 0.0.44. woofipro crypto exchange api client,2025-05-19 01:51:39+00:00,Pypi.org
bitmart 0.0.45. bitmart crypto exchange api client,2025-05-19 01:51:38+00:00,Pypi.org
bingx 0.0.44. bingx crypto exchange api client,2025-05-19 01:51:38+00:00,Pypi.org
bitget 0.0.44. bitget crypto exchange api client,2025-05-19 01:51:35+00:00,Pypi.org
PhonePe’s pre-IPO challenges; VC funds get AI edge. Happy Monday! Digital payments leader PhonePe is struggling with diversifying its revenue streams on the road to IPO. This and more in today’s ETtech Morning Dispatch.,2025-05-19 01:24:52+00:00,The Times of India
"PEPE, WIF Lead Meme Coin Rally as Crypto Markets Spring to Life. Pepe, WIF, BONK, and other meme coins are rallying again, buoyed by renewed market optimism and surging trading volumes.",2025-05-19 01:14:01+00:00,Decrypt
bitmart 0.0.44. bitmart crypto exchange api client,2025-05-19 01:08:48+00:00,Pypi.org
woo-api 0.0.41. woo crypto exchange api client,2025-05-19 01:08:31+00:00,Pypi.org
bitmex-api 0.0.43. bitmex crypto exchange api client,2025-05-19 01:08:30+00:00,Pypi.org
coinex-api 0.0.43. coinex crypto exchange api client,2025-05-19 01:08:29+00:00,Pypi.org
kucoin-futures-api 0.0.44. kucoinfutures crypto exchange api client,2025-05-19 01:08:29+00:00,Pypi.org
mexc-exchange-api 0.0.44. mexc crypto exchange api client,2025-05-19 01:08:28+00:00,Pypi.org
bitget 0.0.43. bitget crypto exchange api client,2025-05-19 01:08:27+00:00,Pypi.org
bybit-api 0.0.44. bybit crypto exchange api client,2025-05-19 01:08:27+00:00,Pypi.org
okx-exchange 0.0.44. okx crypto exchange api client,2025-05-19 01:08:25+00:00,Pypi.org
crypto-com-sdk 0.0.43. cryptocom crypto exchange api client,2025-05-19 01:08:25+00:00,Pypi.org
kucoin-api 0.0.47. kucoin crypto exchange api client,2025-05-19 01:08:25+00:00,Pypi.org
gate-io-api 0.0.43. gate crypto exchange api client,2025-05-19 01:08:24+00:00,Pypi.org
htx 0.0.47. htx crypto exchange api client,2025-05-19 01:08:24+00:00,Pypi.org
binance 0.3.24. binance crypto exchange api client,2025-05-19 01:08:23+00:00,Pypi.org
woofipro-api 0.0.43. woofipro crypto exchange api client,2025-05-19 01:08:21+00:00,Pypi.org
bingx 0.0.43. bingx crypto exchange api client,2025-05-19 01:08:20+00:00,Pypi.org
"Falco – Real-Time Threat Detection for Linux and Containers. Falco is an open-source Linux runtime security tool for containers and Kubernetes. Detect suspicious syscalls, container exploits, and cloud-native threats in real time.",2025-05-19 01:00:00+00:00,Darknet.org.uk
"Project Marketing | TRAST Documentation. Discover how projects can leverage TRAST as a powerful marketing and visibility tool, reaching targeted audiences across Telegram without traditional promotion costs.",2025-05-19 00:31:17+00:00,Trast.space
"Russia arrests Blum co-founder Vladimir Smerkis on fraud charges. Vladimir Smerkis, a co-founder of the Telegram-based crypto project Blum, has reportedly been arrested in Moscow, Russia, on fraud allegations, amid Blum confirming he is no longer affiliated with the project.The Zamoskvoretsky District Court of Moscow approv…",2025-05-19 00:29:20+00:00,Cointelegraph
"Bitcoin Inches Closer to All-Time High—Here's What's Driving Its Price. Bitcoin nears record high as ETF inflows, macro uncertainty, and trade-driven inflation risks draw investor interest.",2025-05-19 00:16:29+00:00,Decrypt
"Crypto-Related Abductions Are on the Rise Globally. Cryptocurrency is one of the leading drivers of cybercrime, but a new report from the Wall Street Journal indicates it is increasingly becoming the target of crime in the real world, too. As more whales and major holders of cryptocurrencies shift their assets…",2025-05-19 00:08:53+00:00,Biztoc.com
"‘History Rhymes’ – Analyst Sees Ethereum Sparking 2020-Style Rallies, Outlines Path to New All-Time High for Solana. A closely followed crypto strategist believes Ethereum (ETH) is in a position to launch parabolic rallies, mirroring its bullish price action five years ago. Pseudonymous analyst Inmortal tells his 232,300 followers on the social media platform X that Ethereu…",2025-05-19 00:00:57+00:00,The Daily Hodl
Go Cryptography Security Audit. Go's cryptography libraries underwent an audit by Trail of Bits.,2025-05-19 00:00:00+00:00,Go.dev
"How US Crypto Firms Navigate Trump’s New Playbook. Crypto has long thrived in the gray zone between innovation and oversight. As US policymakers push for structure, the industry faces a moment to unlock global relevance.",2025-05-19 00:00:00+00:00,Forbes
"Telegram founder ‘flatly refused’ to censor political content ahead of Romanian election. Social media platform Telegram founder Pavel Durov said he “flatly refused” the request of a Western European government to censor conservative political content. In a Telegram post on May 18, Durove wrote: “Telegram will not restrict the freedoms of Romanian…",2025-05-18 23:50:44+00:00,CryptoSlate
"Bitcoin impulse move toward new highs sets a fire under HYPE, ETH, XMR and AAVE. Key points:<ul><li>Bitcoin’s rally to $105,980 has traders predicting new all-time highs this week. 
</li><li>Traders lift their end-of-year Bitcoin price targets to $200,000 based on technical factors and institutional investor adoption. 
</li></ul>Bitcoin…",2025-05-18 23:40:47+00:00,Cointelegraph
"How the crypto industry is adapting to the recent wave of kidnappings, from more extensive security around conferences, to a rise in personal bodyguards, more. ",2025-05-18 23:13:18+00:00,Biztoc.com
"Ethereum vs. S&P 500: Despite winning, ETH traders are cashing out – Why?. ETH has gained dominance in the market, but current sentiment is showing signs of weakening.",2025-05-18 23:00:51+00:00,Ambcrypto.com
"Crypto investors are ramping up personal security as physical attacks surge: Report. Amid a recent surge in physical threats to crypto investors with substantial holdings, firms that offer personal security services are seeing increasing demand. Amsterdam-based physical security and intelligence services provider Infinite Risks International’…",2025-05-18 22:41:28+00:00,CryptoSlate
"The Funding: Why big crypto VCs are joining Cobie’s Echo. Earlier this year, Echo called out VC ""hostility."" Now, top funds like Paradigm and Coinbase Ventures are leading groups on the crowdfunding platform.",2025-05-18 22:39:44+00:00,Biztoc.com
kucoin-futures-api 0.0.43. kucoinfutures crypto exchange api client,2025-05-18 22:34:58+00:00,Pypi.org
kucoin-api 0.0.46. kucoin crypto exchange api client,2025-05-18 22:34:56+00:00,Pypi.org
bybit-api 0.0.43. bybit crypto exchange api client,2025-05-18 22:34:55+00:00,Pypi.org
